title,title_length
southern fried corn,19
chef salad,10
easy deviled eggs recipe,24
funnel cakes,12
homemade ranch dressing,23
sweet corn fritters,19
clotted cream,13
pickled eggs,12
sauteed mushrooms,17
south western egg roll,22
corn jalapeno dip,17
baked crispy cassava friesyuca fries,36
rum raisin cake with rum glaze,30
roasted chickpeas,17
homemade taco seasoning,23
hashbrown breakfast casserole,29
angel biscuits,14
cream cheese pound cake with mint lime glaze,44
bang bang shrimp,16
hummingbird cake,16
coconut brioche,15
creamy lemon garlic boneless chicken breast,43
puff puff recipes,17
scotch eggsbaked or fried,25
deviled eggs bacon jalapenos 2,30
jamaican fried chicken,22
southern style fried potatoes,29
watermelon salad,16
vinegar coleslaw,16
chicken thigh mushroom garlic sauce,35
egg muffins 2,13
egg fried rice,14
split pea soup,14
easy cassoulet,14
baked shrimp,12
cream of mushroom soup,22
baked cod,9
chicken parmesan recipe,23
broccoli cheese soup,20
chicken spaghetti recipe,24
swiss steak,11
pinto beans recipe,18
pasteles,8
lomo saltadoperuvian stir fry,29
sauteed cabbage sausage,23
chicken dumplings,17
orange honey glazed salmon,26
porcupine meatballs,19
picadillo,9
slow cooker jamaican brown stew chicken,39
creole shrimp,13
jamaican red stewed peas,24
trinidad pelau,14
oven baked jerk chicken,23
sorrel hibiscus fruity sangria,30
tostada jerk bowl salad,23
jamaican corn meal porridge,27
cornmeal coo coo,16
jamaican pigeon peas and rice,29
strawberry lemonade,19
steak seasoning,15
chimichurri sauce,17
5 african soups,15
ndole,5
banana mango muffin,19
vitumbarice pancakes,20
ethiopian yataklete kilkil,26
fish banana leaf liboke de poisson,34
kashata,7
african yam soup stew,21
egusi pudding,13
cassava pone,12
cassava leaf soup,17
bitter leaf soup,16
beer can chicken,16
rum punch,9
nashville hot chicken,21
king cake,9
florentine chicken,18
one pot puerto rican chicken and rice,37
cornmeal pone,13
caribbean pepper sauce,22
duchess potatoes,16
jerk marinade,13
pholourie,9
pineapple ginger glazed carrots,31
paprika garlic chicken,22
healthy south western stuffed quinoa,36
oven baked bacon 2,18
chocolate chip blondies,23
chicken and rice soup,21
cajun chicken pasta,19
baked chicken tenders,21
chicken francese,16
tuscan chicken,14
african grill chickenkati kati,30
herb crusted pork loin roast,28
slow cooker pork chops,22
bacon wrapped chicken,21
baked coconut shrimp,20
banana cream pie,16
strawberry trifle,17
black eyed peas frittersakaraacarajeakla,40
lentil soup,11
rice pudding,12
braised chicken garlic thyme,28
french toast recipe,19
tuna melt,9
fettuccine alfredo,18
beef stroganoff,15
german chocolate cake,21
instant pot beef stew,21
beef wellington,15
beef tenderloin roast,21
beef bourguignon,16
mongolian beef,14
macaroni beef casserole,23
slow cooker beef stew,21
instant pot oxtail soup,23
carne asada,11
braised lamb shanks,19
flaky homemade biscuits,23
shrimp stir fry,15
salisbury steak 6,17
white sangria,13
ginger tea,10
tropical sangria,16
southern chocolate gravy and biscuits,37
pulled pork egg rolls,21
air fryer chicken legs,22
air fryer hush puppies,22
shepherds pie,13
easy lasagna,12
slow cooker jamaican curry chicken,34
cowboy caviar,13
broccoli salad,14
oven fried chicken,18
baked meatballs,15
pasta salad,11
ropa viego,10
shrimp cobb salad,17
ekwang ekpang nkukwo,20
suyachicken,11
air fryer coconut shrimp,24
whole baked seabass,19
beer battered fish,18
baked halibut,13
nicoise salad,13
coconut shrimp stew,19
salmon in spicy tomato sauce,28
pao de queijo,13
banana almond biscotti,22
fruit pizza,11
soft pretzel recipe,19
scone recipe,12
fry jacks belize,16
coconut bake,12
jerk shrimp skewers,19
coconut drop cookie,19
aloo potato pie,15
jamaican chicken patties,24
zeppole,7
baked krispy kreme donut,24
chicken quesadilla,18
salmon patties 2 2,18
eye of round roast,18
fondant potatoes,16
honey wheat bread,17
lenten recipes collection,25
effortless one pan cajun rice,29
fluffy cathead biscuits,23
shish kebab,11
caesar salad dressing,21
black beans and rice,20
stuffed pork loin roast,23
spicy pulled pork,17
braised short ribs,18
crockpot jerk chicken 2,23
pan fried boneless pork chops,29
corn chowder 2,14
fiesta chicken casserole,24
stuffed zucchini,16
ham and cheese sliders,22
instant pot curry goat,22
chicken waffles,15
egg custard pie,15
instant pot whole chicken,25
roast turkey breast,19
easy meatloaf 2 2,17
pineapple upside down cake,26
chicken ala king,16
chicken tostadas,16
broiled salmon,14
strawberry watermelon juice,27
spinach smoothie,16
greek salad,11
tres leches cake,16
kale salad,10
chicken calzone recipe,22
cassava cake,12
easy churros recipe,19
chicken tinga,13
caribbean grill whole red snapper,33
peri peri marinated chicken skewers,35
homemade bbq sauce,18
caribbean jerk barbecue ribs 2,30
grill tilapiaafrican style,26
carrot cake,11
honey glazed carrots 2,22
chicken paprikash,17
stovetop mac and cheese,23
homemade waffles,16
shakshuka recipe,16
carrot ginger soup,18
smoked salmon dip,17
chicken stew african style,26
homemade cream of chicken soup,30
chicken stroganoff,18
crack chicken,13
spinach artichoke dip,21
easy homemade drop biscuits,27
sauteed kale,12
honey mustard chicken,21
creamy chicken pasta salad,26
arroz con pollo,15
grape salad,11
grilled lobster tail,20
crab cakes,10
banana foster,13
ethiopian lentil stew,21
teriyaki chicken,16
shrimp salad 2,14
squash casserole,16
red snapper creamy sauce,24
three bean salad,16
chicken fajitas,15
arepas,6
shredded chicken,16
hasselback potatoes,19
strawberry shortcake,20
best corned beef and cabbage,28
chess pie,9
whole wheat bread,17
irish soda bread,16
pita bread,10
cinnamon raisin bread,21
homemade breadsticks,20
indian fry bread,16
zucchini bread,14
homemade garlic bread 2,23
focaccia bread,14
doubles chickpeas sandwich,26
banana pineapple bread,22
cinnamon pull apart bread,25
baked acorn squash,18
waldorf salad,13
stuffed pork chops,18
potato pancakes,15
chicken divan,13
oven baked mexican rice,23
coconut macaroons,17
french onion soup,17
sauteed spinach,15
grits recipe,12
beer bread,10
baked crispy chicken wings,26
beef barley soup,16
minestrone soup,15
chicken meatball soup,21
caribbean black bean soup,25
honey bun cake,14
croque monsieur,15
flourless chocolate cake,24
sopapillas,10
pan seared salmon spice rub,27
apple fritters,14
everything bagel seasoning,26
scalloped corn,14
cajun chicken avocado salad,27
tropical fruit salad recipe,27
shrimp risotto,14
mango margarita,15
beef stewafrican style,22
strawberry spinach salad,24
apple galette,13
macaroni salad,14
slow cooker lamb leg,20
slow cooker ham,15
pan grilled steak garlic herbs,30
hamburger steak gravy,21
black bean corn salad,21
chicken biryani recipe,22
pan seared scallops,19
stir fry chicken,16
curry fish,10
arroz con leche,15
bourbon chicken,15
fried pickles,13
stuffed chicken breast,22
blueberry lemon cake,20
irio,4
red lobster cheddar bay biscuit copy cat,40
orange almond butter cake,25
red potato salad,16
rum raisin ice cream 2,22
african rice recipes 3,22
caribbean recipes,17
porridge yamssese yams,22
cornchaffadalu,14
french yogurt cake,18
cream biscuits,14
ashanti chicken whole deboned chicken rice,42
kedjenou chicken,16
huli huli chicken,17
beef broccoli stir fry,22
whole grilled mackerel,22
yucca fries roast garlic aoili,30
cajun whole roast chicken,25
coconut jollof rice,19
puerto rican style beans,24
jamaican steamed fish,21
jamaican brown beef short ribs stew,35
bunny chow,10
trinidad corn soup,18
marllorca,9
caribbean banana nut bread,26
creamy jerk spaghetti,21
doro wat ethiopian chicken stew,31
ethiopian collard greens,24
caribbean stewed fish,21
jerk salmon potatoes,20
dumpling,8
jamaican inspired peppered shrimp,33
jamaican run 2,14
mbuh fish,9
salt fish bake,14
yassa fish,10
muamba chickenmuamba de galinha,31
crunchies,9
japanese baked sweet potato fries,33
spinach rice check rice,23
hawaiian coconut bread roll,27
cow foot soup,13
pampoenkoekies,14
african peanut stew,19
congo bars,10
goat pepper soup,16
kwacoco bible,13
southern style corn bread,25
cinnamon apple cake,19
samosas,7
rum glazed pineapple,20
njama njama and fufu,20
corn dogs,9
african rice and beanswaakye,28
spicy grilled corn salad,24
soft mini mandazi,17
coconut rock buns,17
homemade akamupap ogi corn porridge,35
nigerian buns,13
saucy roasted chicken on a bed of vegetables,44
mashed sweet potatoes with avocado,34
whole wheat accra bananasdeep fried bananas fritters,52
chocolate molten cake,21
mustard bbq sauce,17
smoked beef brisket,19
baked crispy chicken thighs,27
steak tips,10
pineapple pie,13
new york cheesecake,19
creamed corn,12
fruits that start with h,24
foods that start with v,23
fruits that start with d,24
fruits that start with f,24
lemon bar,9
ranch potato salad,18
tomahawk steak,14
how to dispose of cooking oil,29
baked beans recipe,18
garlic butter shrimp,20
easy coleslaw,13
baked crab legs in butter sauce,31
how to cut cabbage,18
enchilada sauce,15
how to cut onions,17
how to make pie crust,21
how to cut green onions,23
sazon seasoning,15
tzatziki sauce,14
homemade tartar sauce,21
blackened seasoning,19
beer cheese dip,15
easy homemade pizza sauce,25
thousand island dressing,24
succotash,9
how to make simple syrup,24
how to mince garlic,19
how to make honey mustard dressing,34
how to make lemonade,20
how to boil corn,16
how to pick a watermelon,24
how to make homemade whipped cream,34
homemade poultry seasoning,26
mayonnaise substitute,21
cheese grits,12
picnic food ideas,17
sour cream substitutes,22
egg substitutes,15
cookout food ideas,18
summer desserts,15
ground chicken recipes,22
smoked pork belly,17
lemon blueberry scones,22
easy healthy dinner recipes in under 30 minutes,47
ground pork recipes,19
sauteed brussel sprouts,23
smoked pork chops,17
mouthwatering smoked chicken legs,33
smoked prime ribs,17
bbq sides,9
hopping john,12
homemade banana pudding,23
chicken shrimp and okra gumbo,29
nigerian fried rice 2,21
mexican cornbread,17
sunday dinner ideas,19
how to make poached chicken,27
red beans and rice recipe,25
sweet potato bread,18
southern sweet tea,18
lemon tart,10
peach bellini,13
chili recipe,12
cajun corn shrimp soup,22
mulligatawny soup,17
brunswick stew,14
refried beans,13
fried shrimp,12
moist banana cake,17
seafood paella,14
mediterranean chickpea salad,28
moussaka eggplant recipe,24
easy cinnamon french toast sticks,33
spinach quiche,14
seafood gumbo,13
chicken gyros,13
mai tai,7
quiche lorraine,15
cheesy potatoes au gratin,25
potato frittata recipe,22
steak au poivre,15
croque madame,13
easy crepes recipe,18
italian cream cake,18
creamy orzo,11
potato croquettes,17
tomato bisque,13
homemade alfredo sauce,22
chicken marsala,15
chili mac and cheese,20
baby back ribs recipe,21
honey glazed carrots,20
paprika salmon and green beans,30
20 best chicken breast recipes,30
shrimp recipes,14
marinated grilled chicken breast,32
20 easy bean recipes,20
coconut sweet bread,19
sausage and peppers 4,21
garlic knots,12
taco pasta,10
sour cream pound cake,21
easy fruit desserts,19
osso bucco,10
summer dinner ideas,19
juneteenth recipes,18
southern food with african background,37
flour substitutes,17
gluten free flour substitutes,29
seasoned rice,13
peach tea sweet,15
instant pot lentil soup,23
substitute for yeast,20
coco bread,10
homemade hamburger helper,25
chicken tortilla pinwheels,26
how to cut tomatoes,19
how to brine salmon,19
how to make caramel sauce,25
baked chicken leg quarters,26
how to brine a turkey,21
jamaican cabbage and shrimp,27
crab stuffed salmon,19
instant pot red beans and rice,30
pumpkin banana bread,20
moroccan couscous,17
potato bread rolls,18
shrimp bisque,13
israeli couscous,16
garlic butter salmon in foil paper,34
chicken vesuvio,15
instant pot chicken curry,25
chicken pot pie,15
chicken lasagna,15
creamy balsamic chicken,23
creole okra,11
air fryer southern fried chicken,32
substitute for rosemary,23
paprika,7
hamburger soup,14
dessert bread recipes,21
crave worthy dinner roll recipes,32
mouthwatering dutch oven recipes,32
fall baking recipes,19
spice cake,10
summer recipes,14
30 fuss free egg recipes for breakfast from savory to sweet,59
favorite southern comfort food,30
cream cheese mashed potatoes,28
whole chicken recipes for dinner,32
wonderful bourbon recipes,25
bread pudding,13
garlic mashed red potatoes,26
smoked turkey breast,20
toffee pudding,14
mashed sweet potatoes,21
3 ingredient biscuits,21
chicken corn chowder,20
butter cookies,14
oven pot roast,14
swedish meatballs,17
blackened shrimp pasta,22
mouthwatering milk recipes,26
creamy tuscan salmon,20
no knead bread,14
easy dinner rolls,17
red velvet cake 2,17
light fruit cake,16
juicy smoked tri tip,20
oven tri tip roast,18
sausage balls,13
ambrosia salad,14
fantastic pecan recipes,23
pigs in a blanket,17
spinach pie recipe,18
chicken scarpariello,20
instant pot country style ribs,30
meat pie tourtiere,18
heavenly leftover ham recipes,29
zaatar seasoning,16
excellent evaporated milk recipes,33
delicious rice recipes,22
crowd pleasing roast beef recipes for dinner,44
sweet potato soup,17
easy baked ziti,15
cucumber tomato salad,21
stuffed green bell peppers,26
fish and chips,14
fried gizzards,14
cajun baked sweet potato fries,30
breaded pork chops,18
scrumptious stuffed cabbage roll soup,37
carrot pineapple raisin salad,29
lobster thermidor,17
lemon recipes from tart to sweet,32
buffalo wings,13
smoked shrimp,13
banana zucchini bread,21
air fryer donuts,16
roast beef,10
jalapeno poppers,16
pulled pork recipe,18
bacon wrapped jalapeno poppers,30
easy jambalaya,14
easy crab recipes to try,24
fish and grits,14
how to cook stone ground grits,30
chicken shrimp sausage gumbo,28
everything you need to know about gumbo,39
new orleans bbq shrimp,22
southern tea cakes,18
jellof rice,11
hot milk cake,13
how to cut a mango,18
peruvian green sauce,20
grill pineapple black bean salsa,32
peruvian style roast chicken,28
cassava fufu water fufu,23
scrumptious st patricks day recipes,35
okra stew,9
decadent cocoa powder recipes,29
carribbean carrot juice,23
boston cream pie,16
tomato based fish stew and perfect white rice,45
malva pudding,13
boiled peanuts,14
bhajias,7
suyaspicy grilled kebab,23
vegetable beef soup,19
fried plantains,15
air fryer chin chin,19
south african yellow rice,25
bacon mac and cheese,20
tasty jamaican recipes,22
sauteed zucchini,16
chicken croquettes,18
ogbono soup pounded yam,23
insanely good coconut milk recipes,34
scrumptious pork loin recipes,29
all purpose seasoning,21
popular puerto rican recipes,28
creamy scallop,14
fall off the bone smoked ribs 3 2 1,35
chocolate mayonnaise cake,25
fufu recipe,11
beef birria tacos recipe,24
southern johnny cakes hoe cakes,31
key lime pie,12
restaurant style salsa,22
falafel,7
angel food cake,15
chicken kabobs,14
caribbean boiled dumplings,26
pickled jalapenos,17
how to pick a pineapple,23
grilled corn on the cob,23
homemade dill sauce,19
delicious smoked chicken quarters,33
kofta kebab,11
homemade pita chips,19
grilled salmon patty burgers with aioli,39
fattoush salad,14
baklava,7
fruit tart,10
american flag cake 2,20
smokey mac and cheese,21
black forest cake,17
cucumber and onion salad,24
passion fruit margarita,23
crawfish boil,13
tuna patties,12
milk tart,9
strawberry poke cake,20
chili powder recipe,19
how to make tomato paste,24
chicken pesto pasta,19
burgoo recipe,13
labor day picnic ideas,22
roasted red pepper sauce,24
mealie bread south african corn bread,37
grilled pompano fish,20
southern desserts,17
homemade breadcrumbs,20
fried green tomatoes,20
turnip greens,13
pulled pork sandwich,20
fried fish sandwich,19
cucumber sandwiches,19
chicken salad sandwich,22
muffuletta,10
braaibroodjie south african grilled cheese sandwich,51
steak and peppers sandwich,26
lemon garlic chickenyassa chicken,33
cuban sandwich,14
egg salad sandwich,18
hawaiian macaroni salad,23
canola oil substitute,21
beef tripe soup,15
grilled rack of lamb,20
oven baked bbq chicken,22
caribbean grill chicken salad,29
hawaiian grilled chicken thighs,31
spicy grill steak,17
braised beef neck bones,23
fried potatoes and onions,25
chicken and rice casserole,26
spaghetti and meatballs recipe,30
groundnut sweet sugar peanuts aka candied nuts,46
mexican street food collection,30
chorizo and eggs,16
smoked turkey necks,19
marry me chicken,16
apple bread,11
feijoada,8
foods that start with u,23
air fryer pork chops,20
jiffy corn casserole,20
passion fruit pudding cake,26
cube steak and mushroom onion gravy,35
spaghetti fettuccine shrimp spinach,35
mango chutney,13
creamy brussels sprouts,23
breakfast charcuterie board ideas,33
jerk chicken pasta,18
creole vs cajun,15
stuffed salmon with spinach,27
kentucky butter cake,20
beef broth,10
bacon wrapped shrimp,20
krispy kreme doughnut recipecopy cat,36
lemon pepper chicken wings,26
olive oil cake,14
crab bisque,11
cheeseburger tater tot casserole,32
popcorn seasoning,17
butter beans recipe,19
chicken nachos,14
sausage lentil soup,19
how to cook jasmine rice,24
chocolate beignets,18
sides for chicken wings,23
hog maw,7
corn souffle,12
seafood pasta,13
crispy pork jowl,16
slow cooker pork loin,21
fish seasoning,14
fried red snapper,17
cajun fried corn on the cob,27
how to blanch broccoli,22
stuffed french toast,20
smothered steak,15
chicken breast brine,20
shirley temple drink recipe,27
shrimp jambalaya,16
fried banana recipe,19
stuffed meatloaf,16
fish cakes,10
ham hock and beans,18
fire roasted tomatoes,21
deviled egg potato salad,24
lollipop chicken legs,21
fried turkey wings,18
lobster roll recipe,19
sweet potato cornbread,22
ham loaf,8
chilean sea bass,16
stuffed turkey legs,19
coconut bread,13
fried catfish nuggets,21
crawfish bisque,15
no bake cheesecake bites,24
fried lobster tail,18
sweet potato pecan pie,22
creole sauce,12
slow cooker lamb stew,21
chicken carbonara,17
okra soup,9
fried squash,12
jerk chicken,12
mbangapalmnut soup,18
fried oysters,13
bbq meatballs,13
glazed donuts,13
roast turkey crown,18
dutch crunch bread,18
how to cook basmati rice,24
buttermilk pound cake,21
cinnamon roll monkey bread,26
cajun fries,11
homemade ginger juice 2,23
cream of mushroom pork chops,28
fish pie,8
lemon bundt cake,16
grill jerk chicken tacos,24
smothered potatoes,18
challah bread,13
cornbread with corn,19
lamb curry,10
deep fried chicken legs,23
oven roasted okra,17
ranch style beans,17
beef tips and rice,18
chicken chili,13
fried chicken livers,20
no syrup pecan pie,18
turkey tenderloin,17
tomato gravy,12
pineapple honey glazed ham,26
whole roast duck,16
spicy green beans,17
smothered turkey chops,22
buffalo chicken mac and cheese,30
apple brown betty,17
pinto bean pie,14
lemongrass tea,14
caramel cake,12
black eyed peas and collard greens,34
honey hot wings,15
charleston red rice,19
giblet gravy,12
4 ingredient oven baked pork chops,34
jamaican rice and peas,22
air fryer onion rings,21
creamy chicken and biscuits,27
teriyaki shrimp,15
french toast bagel,18
oven bbq pork chops,19
how to debone chicken thighs,28
sambusas,8
cinnamon roll peach cobbler,27
thieboudienne ceebu jen poisson au riz,38
pecan pralines,14
baked rockfish,14
deviled ham,11
boom boom shrimp,16
chicken tortellini alfredo,26
connecticut lobster rolls,25
pastalaya,9
chicken pasta bake,18
instant pot short ribs,22
chicken samosas,15
honey butter biscuits,21
chicken and gravy,17
black history month recipes,27
coconut jasmine rice,20
accra banana,12
roast turkey legs,17
african egg rollafrican scotch eggs,35
shrimp mac and cheese,21
strawberry butter,17
trinidad macaroni pie,21
buttermilk pie,14
pepper steak,12
strawberry bread,16
salt fish fritters,18
easy tostada bowl salad,23
creamy cole slaw dressing,25
homemade brioche bread,22
southern mustard greens,23
jamaican ackee and saltfish,27
accra cassavakouti cassava fritters,35
cornbread salad,15
smoked gouda mac and cheese,27
teriyaki salmon,15
pineapple empandas,18
lobster bisque,14
pickled garlic,14
biscuits sausage gravy,22
trinidad corn pie,17
coconut fried rice,18
how to make condensed milk,26
jamaican curry powder,21
how to make passion fruit juice,31
how to make a roux,18
rice pilaf,10
flatbread,9
black eyed peas recipe,22
chocolate bundt cake,20
homemade pineapple juice,24
marinated pork chop with rosemary and garlic,44
tuna macaroni salad,19
aebleskiver danish pancakes,27
chicken madeira,15
one pot caribbean jerk chicken rice,35
sukuma wiki,11
velveeta mac and cheese,23
pineapple lemonade,18
chicken wing shawarma,21
tomato pie,10
jerk sauce,10
piri piri sauce,15
pork griot porc de griot,24
plantain flour,14
pineapple cucumber salad,24
seasoned fries,14
green seasoningsauce,20
green beans and potatoes,24
maafe west african peanut soup,30
crunchy coconut cole slaw,25
strawberry bundt cake,21
haitian spaghetti,17
franks and beans,16
jerk chicken wings,18
ghana jollof rice,17
mango habanero wings,20
ugali corn fufu,15
mango salsa,11
tossed salad,12
fourth of july cupcakes,23
4th of july recipes,19
cookie dough stuffed black magic cupcakes,41
chicken bog,11
brown stewed fish,17
blueberry bundt cake,20
berbere spice,13
easy mandazi,12
jamaican chicken pumpkin soup,29
corn cakes,10
sausage egg casserole,21
sour cream lemon pound cake,27
brazilian lemonade,18
cold picnic recipes,19
garlic rice,11
pretzel dog mini,16
southern tomato sandwich,24
paratha buss shut,17
california spaghetti salad,26
coconut cream pie,17
pineapple passion fruit lemonade,32
pineapple fried rice,20
pizza dough recipe,18
smothered green beans,21
stuffed shells with meat,24
saffron rice,12
7up biscuits,12
pineapple ginger juicewest african,34
pesto pasta,11
chocolate cobbler,17
jamaican oxtail stew 2,22
twice baked potatoes,20
pickled okra,12
sweet potato pie with graham cracker crust,42
sausage and potatoes,20
slow cooker pot roast,21
savory coconut rice,19
rosemary chicken,16
mushroom rice,13
sofrito recipe,14
chicken roti,12
tembleque,9
black beans stew,16
dutch oven beef stew recipe,27
jamaican jerk seasoning recipe,30
chakalaka,9
stuffed cabbage rolls,21
coconut almond madeleines,25
lemon yogurt cake,17
chicken fricassee,17
vegetable soup,14
braised cabbage,15
mississippi mud cake,20
pineapple bread,15
texas roadhouse rolls,21
chicken jambalaya,17
browning sauce,14
chicken tagine,14
sweet potato souffle,20
perfectly roasted turkey thighs,31
fried chicken wings,19
butter biscuits,15
banana bundt cake,17
colcannon,9
new england clam chowder,24
canned peach cobbler,20
shrimp gumbo,12
bacon wrapped meatloaf,22
black eyed pea soup,19
baked turkey wings,18
condensed milk cake 2,21
grits casserole,15
okra and tomatoes,17
cajun shrimp grits,18
charcuterie board ideas,23
bacon gravy,11
sausage and pasta,17
hamburger vegetable soup,24
caribbean banana fritters,25
easy dinner for two,19
how to brown butter,19
brown beef stew,15
pepperpot,9
bobotie,7
chicken shepherds pie,21
liberian chicken gravy,22
donut holes,11
steak kabobs,12
salmon wellington,17
grit cakes,10
slow cooker black eyed peas,27
slow cooker beef tips,21
soft chocolate chip cookie,26
homemade irish cream,20
cold oven pound cake,20
slow cooker corned beef and cabbage,35
spicy sausage rolls,19
roasted broccoli and carrots,28
mac and cheese bites,20
pork chop brine,15
oven baked pork chops,21
smothered chicken wings,23
white bean chicken chili,24
easiest cabbage roll casserole,30
smothered chicken,17
old fashioned doughnut,22
navy bean soup,14
crawfish etouffee,17
15 african snack recipes 3,26
nigerian jollof rice,20
brown butter banana bread,25
chicken alfredo,15
chitterlings,12
lobster mac and cheese,22
smoked chicken,14
mozambique peri peri grill chicken,34
shrimp boil,11
fried pork chops,16
green gumbo,11
caribbean cole slaw,19
shrimp po boy,13
pounded yam,11
albondigas soup,15
callaloo jamaican style,23
shrimp ceviche,14
carrot souffle,14
ethiopian cabbage,17
chicken cabbage soup,20
cabbage egusi soup,18
smoked bacon wrapped pork tenderloin,36
fried apples,12
carne guisada,13
water cornbread,15
pineapple ice cream,19
beer battered onion rings,25
stewed potatoes,15
salmon pasta,12
samoan coconut bread rolls pani popo,36
creme anglaise,14
apple turnover,14
steak diane,11
cottage fries,13
lamb loin chops,15
crab stuffed shrimp,19
light hot cross buns,20
fruit dip,9
salmon salad,12
shrimp stock,12
italian easter bread,20
southern meatloaf,17
roast cornish hens,18
pina colada,11
blue velvet cake,16
peach cobbler,13
seafood boil in a bag,21
black eyed pea salad,20
peach cobbler pound cake,24
grilled chicken wings,21
avocado white bean tuna salad,29
chicken wing brine,18
afang soupspinach and okazi leaves,34
fish pepper soup,16
egusi soupwith lumps,20
smoked chicken breast,21
snowball cookies,16
pumpkin chocolate chip cookies,30
raspberry chocolate scones,26
buffalo chicken dip,19
how to make mayonnaise,22
instant pot mac and cheese,26
7up pound cake,14
baked mac cheese,16
grilled shrimp kabobs,21
smoked tenderloin,17
chocolate caramel pecan cheesecake,34
how to make evaporated milk 2,29
panzanella salad,16
crepe suzette,13
sweet potato pancakes,21
tomato basil soup,17
banana bread muffins,20
tart crust,10
pastitsio,9
broccoli mac cheese,19
instant pot pulled pork,23
brown sugar pound cake,22
pineapple coconut ice cream,27
strawberry cobbler,18
apple cobbler,13
jamaican curry goat,19
cranberry sauce,15
stick of butter rice,20
crab salad,10
sancocho recipe,15
foods that start with s,23
slow cooker whole chicken,25
smoked beer can chicken,23
7 layer salad,13
caramel popcorn,15
banana chocolate chip muffin,28
plantain chips,14
how to make buttermilk,22
she crab soup,13
chicken sandwich,16
instant pot black beans,23
bean dip,8
fried okra,10
mango lemonade,14
honey garlic chicken,20
seasoned salt,13
yassa chickenpoulet au yassa,28
spinach stuffed chicken breasts,31
brigadeiro,10
pineapple casserole,19
chocolate chip banana bread,27
chicken fried rice,18
instant pot corned beef,23
chicken enchiladas,18
braised chicken in coconut milk,31
guava pastry,12
spoon bread,11
monkey bread,12
pineapple pound cake,20
garlic mashed potatoes,22
chicken jollof rice,19
poppy seed dressing,19
mango juice,11
candied sweet potatoes,22
jiffy cornbread recipe,22
groundnutpeanut soup,20
white pizza sauce,17
mississippi chicken recipe,26
green beans bacon,17
pionono,7
white bbq sauce,15
fried dough,11
beef empanadas recipe,21
creole seasoning,16
chicken broccoli rice casserole,31
steak dinner ideas,18
soul food recipes,17
passion fruit puree,19
rasta pasta,11
moin moin,9
strawberry daiquiri,19
parmesan crusted tilapia,24
air fryer plantains,19
dirty rice 4,12
shrimp alfredo recipe,21
flan recipe,11
easy ground beef recipes,24
victoria sponge cake,20
salmon croquettes,17
smothered cabbage,17
potato bread,12
instant pot black eyed peas,27
sweet potato muffins,20
southern potato salad,21
jungle juice,12
corn on the cob recipes,23
healthy chickpea recipes,24
jerk chicken sides,18
banana pancakes,15
pumpkin bread,13
little smokies,14
chicken and sausage gumbo,25
smoked spatchcock chicken,25
fluffy pancakes,15
smoked chicken wings,20
potato salad recipe highlight,29
white cheddar mac and cheese,28
western omelette,16
crepe cake,10
chicken caesar salad,20
chocolate chip pancakes,23
pecan tassies,13
what defines soul food,22
pumpkin pie,11
chicken alfredo pizza,21
orange chicken,14
baked potatoes with onions and bell pepper,42
loaded mashed potato casserole,30
apple pecan salad,17
thanksgiving charcuterie board,30
chocolate guinness cake,23
shaved brussel sprouts salad,28
chocolate chip pound cake,25
chicken pot pie soup,20
chicken fried steak,19
firecracker shrimp,18
bacon wrapped asparagus,23
roasted baby carrots,20
homemade apple cider,20
chocolate chip scones,21
red velvet cheesecake,21
mini pecan pies,15
apple dumplings,15
creme brulee recipe,19
scalloped potatoes and ham,26
candied pecans,14
taco soup,9
floating island,15
coconut bake coconut bread,26
chocolate chip bundt cake,25
homemade gheeclarified butter,29
how to toast coconut,20
philly cheese steak sloppy joes,31
baked crispy potato fries,25
chicken taquitos 2,18
watergate salad,15
chocolate pound cake,20
chicken lettuce wraps,21
pico de gallo,13
smoked pork loin,16
german pancakes,15
blended thai iced coffee,24
cocktail sauce recipe,21
yam casserole,13
sweet potato salad,18
yellow cake,11
easy recipes using buttermilk,29
cranberry orange scones,23
french toast bake,17
ranch seasoning,15
fried chicken breast,20
instant pot shredded chicken,28
hurricane drink,15
cowboy casserole cornbread,26
patty melt,10
creamy garlic tuscan shrimp,27
sopapilla cheesecake bars,25
fried deviled eggs,18
lasagna soup,12
hummus,6
moroccan slow cooker chicken stew chick peas,44
plantain frittersklako,22
mississippi pot roast,21
baked plantain chips 2,22
creamy polenta,14
south west chicken salad,24
how to boil eggs,16
coca cola cake,14
homemade crescent rolls,23
how to make homemade vanilla extract,36
cajun shrimp,12
tuna noodle casserole,21
chili cheese fries,18
greek chicken marinade,22
basic homemade white bread,26
taro chips,10
homemade bagel,14
homemade tortilla chips,23
turkey gravy without drippings,30
brown gravy,11
breakfast turkey sausage,24
alcapurrias,11
marinated grilled flank steak,29
shrimp etouffee,15
25 popular foods that start with n,34
homemade tortillas,18
pizza rolls,11
cinnamon bread rolls,20
apple cider donuts,18
slow cooker oxtail soup,23
crockpot jerk chicken,21
how to roast garlic,19
how to make garlic butter,25
strawberry margarita,20
cinnamon orange rolls,21
pickled onions,14
egusi soup,10
grilled salmon recipe,21
slow cooker beef brisket,24
marinated grill shrimp,22
homemade gravy,14
cranberry orange bread,22
tiramisu,8
caribbean corn beef and cabbage 4,33
poulet d g,10
oven roasted corn on the cob,28
kelewele or alocospicy fried plantains,38
fried chicken sides,19
homemade brownies,17
country style ribs,18
smoked spatchcock turkey,24
ridiculously good rum drink recipes,35
perfect filet mignon herb butter,32
pimento cheese,14
coconut puff puff deep fried coconut dough,42
air fryer chicken wings,23
smothered turkey wings,22
dutch apple pie,15
eru soupspinachokazi leaves,27
pumpkin roll,12
corned beef hash,16
homemade orange curdmicrowave,29
steak burrito,13
pickled pigs feet,17
cajun jambalaya pasta,21
crab rangoon,12
chicken sharwama,16
fried apple pies,16
chicken fries,13
instant pot turkey breast,25
pineapple carrot cake,21
southern buttermilk biscuits,28
koki beans,10
shuku shukucoconut balls,24
johnny cakes,12
ethiopian spiced butter niter kibbeh,36
perfect chocolate chip cookies,30
grilled coconut corn,20
mandazi east african doughnuts,30
ham casserole,13
brown chicken stock,19
african spicy oxtail stew,25
cassava coconut cake,20
african caribbean shrimp fried rice,35
african pepper sauce,20
githeri,7
baked crispy chicken legs,25
african pepper soupchicken,26
stewed spinachafrican style,27
american goulash,16
african meat pie beef empanada,30
pancakes african style,22
sweet potato waffles,20
bbq appetizers,14
sorrel juice,12
asun spicy roast goat,21
african fish rollfish pie,25
italian seasoning,17
mbongo tchobi african spicy black stew,38
corn pudding,12
condensed milk sweet potato pie,31
baked plantain frittatabaked plantain and eggs,46
kachumbari,10
ground beef and potato casserole,32
homemade chicken noodle soup,28
blue cheese dressing,20
beef liver onions,17
pumpkin spice latte,19
turkey seasoning,16
traditional koeksisters,23
chicken tortilla soup,21
skinny chai latte,17
homemade coconut flour and milk,31
sweet potato pie,16
bunuelos recipe,15
black eyed pea dip,18
smoked turkey legs,18
pineapple cake,14
bolognese sauce,15
breakfast burrito,17
bourbon pecan pie,17
black magic cake,16
everything you need for your thanksgiving turkey,48
spiced herb turkey,18
african doughnut drop doughnut,30
cornbread dressing,18
jalapenos corn casserole,24
35 easy thanksgiving side dishes,32
green bean casserole,20
easy thanksgiving vegetable side dishes,39
baked spatchcock turkey,23
southern style greens,21
creamed spinach,15
thanksgiving turkey recipes for smaller celebrations,52
turkey injector marinade,24
potato side dishes for thanksgiving,35
pecan pie,9
delectable thanksgiving desserts,32
hawaiian sweet rolls,20
thanksgiving turkey recipe roundup,34
chocolate rum marble cake,25
deep fried turkey,17
cajun roast turkey,18
chocolate chess pie,19
roast red potatoes,18
rosemary roasted potatoes,25
pecan pie brownies,18
sweet potato casserole,22
curried goat stew,17
chocolate pecan pie,19
pumpkin cake,12
smoked turkey,13
pork loin roast,15
chocoflan,9
easy pumpkin recipes,20
apple crumble,13
texas sheet cake,16
leftover turkey recipes,23
ham and bean soup,17
popular african food celebrate christmas,40
smoked ham,10
prime rib roast,15
pernil puerto rican roast pork,30
christmas lunch ideas,21
cheese ball,11
homemade eggnog,15
caribbean christmas recipes,27
roast potatoes and carrots,26
gingerbread cake,16
caribbean potato salad,22
arroz con gandules,18
pecan pie bars,14
brown sugar glazed ham,22
best red velvet cupcakes,24
coquito,7
christmas main dishes,21
chin chin,9
southern christmas dinner recipes,33
easy holiday side dishes,24
sweet rolls,11
christmas desserts,18
skillet cornbread,17
bacon scalloped potatoes,24
how to blanch green beans,25
caribbean rice and beans,24
ham salad,9
sock it to me cake,18
coffee cake,11
vanilla cake,12
white gravy,11
caribbean black cake,20
african chicken stew and coconut rice,37
marble cake,11
ground beef and cabbage,23
braised oxtails,15
red velvet marble pound cake,28
jamaican curry chicken,22
apple pie,9
mulled wine,11
balsamic baked brussel sprouts,30
spinach dip,11
southern cheese straws,22
new year dishes for prosperity,30
sweet potato biscuits,21
how to make tostones,20
pea salad,9
one pot lime chicken rice,25
coconut cake,12
chickpea curry,14
plantain porridge,17
veganuary,9
green bean wrapped bacon bundles,32
no yeast puff puff,18
oven baked chicken breast,25
jamaican browned chicken stew,29
how to cut a pineapple,22
african fried chicken plantain fries,36
baked plantains 2,17
roast spicy plantains,21
banana breadcake,16
red velvet madeleines,21
kondres spicy stewed plantains,30
tatale african plantain pancakes,32
baked plantains cheese,22
jibarito plantain and steak sandwich,36
mofongoshrimp,13
pecan pie cobbler,17
plantain lasagna,16
stuffed baked plantains,23
sese plantains turning plantains,32
super bowl recipes,18
easy homemade guacamole,23
game day food ideas,19
tropical guacamole,18
rum cake rum glaze,18
caribbean sweet sticky hot wings,32
braised chicken breasts,23
marinate grill skirt steak,26
strawberry pound cake,21
remoulade sauce,15
cameroon food,13
pan seared oven roasted steak,29
achu soupyellow soup achu,25
pumpkin leavesugu soup,22
white chocolate molten coconut cake,35
chicken etouffee,16
southern fried cat fish,23
salmon bites,12
southern fried chicken,22
plantain pancake,16
red redafrican stewed black eyed peas,37
coq au vin,10
vetkoek,7
new orleans beignet,19
shrimp scampi pasta,19
creamy herb shrimp spaghetti,28
baked chicken legscreamy and spicy,34
jamaican escovitched fish,25
best southern pound cake,24
southern fried cabbage,22
sweet potato pound cake,23
pork chop seasoning,19
marinated pork tenderloin roast,31
shrimp jalapeno hush puppies,28
baked tilapia,13
strawberry biscuits,19
corn maque choux,16
minced curry,12
oven baked salmon,17
pineapple and white chocolate scones,36
smothered pork chops,20
puff puff,9
healthy blackened catfish shrimp sauce,38
jellof riceoven baked,21
how to poach an egg,19
substitutes for thyme,21
strawberry banana bread,23
banana pudding cheesecake,25
substitutes for chili powder,28
broiled lobster tail,20
wedge salad,11
cuatro leches cake,18
blackened salmon,16
cajun chicken alfredo,21
creamy mushroom pasta,21
lobster pasta,13
different types of bread,24
jamaican meat piejamaican meat patty,36
jamaican easter spice bun,25
parmesan crusted baked asparagus,32
east african chapati,20
grilled lamb chops,18
injera,6
bammy,5
cloud bread,11
blackened spatchcock chicken,28
chicken piccata,15
mothers day brunch recipes,26
jamaican curry shrimp,21
pineapple chicken,17
banana puff puff,16
